customer_code,customer_name,is_b2b,cluster_label,recency,frequency,monetary,total_revenue,b2b_probability
10000,Customer_0001,1,B2B_2,3,1129,77018932,77018932,0.9999999798949535
10002,Customer_0003,1,B2B_1,101,349,5404725,5404725,0.8987057816880377
10003,Customer_0004,1,B2B_2,7,1447,58034028,58034028,0.9999999999427749
10005,Customer_0006,1,B2B_1,16,45,730666,730666,0.5409127442810683
10007,Customer_0008,1,B2B_1,3,263,2589368,2589368,0.781777256281082
10008,Customer_0276,1,B2B_2,3,2348,77143426,77819552,0.9999999628891114
10009,Customer_0010,1,B2B_1,18,40,2534393,2534393,0.5798596963325771
10010,Customer_0011,1,B2B_1,6,339,12031209,12031209,0.9316496093768097
10011,Customer_0012,1,B2B_2,7,1340,15246750,15255645,0.9744311703721974
10012,Customer_0013,1,B2B_1,7,69,518649,518649,0.6289128586564676
10013,Customer_0014,1,B2B_2,7,384,78380756,78380756,0.9999999968411213
10014,Customer_0015,1,B2B_1,5,784,3910005,3910005,0.8822474885170619
10016,Customer_0017,1,B2B_1,41,17,215332,215332,0.627815419469871
10017,Customer_0018,1,B2B_1,3,114,3827263,3827263,0.6782098148894894
10018,Customer_0019,1,B2B_1,3,809,10548032,10548032,0.9918239899268085
10019,Customer_0020,1,B2B_1,382,40,666965,666965,0.7192298967493067
10020,Customer_0021,1,B2B_1,58,9,63662,63662,0.6021106910162909
10021,Customer_0022,1,B2B_2,1015,1036,54230327,54230327,0.999851888038131
10022,Customer_0023,1,B2B_1,17,135,367754,367754,0.5563742149464359
10023,Customer_0024,1,B2B_2,1511,987,52096307,52096307,0.999999666898603
10024,Customer_0025,1,B2B_1,4,277,2751647,2751647,0.7818179499332115
10025,Customer_0026,1,B2B_1,10,490,39462615,39462615,0.9991262334065791
10026,Customer_0027,1,B2B_2,13,429,225427462,225427462,1.0
10027,Customer_0223,1,B2B_1,11,155,4473478,4473478,0.7987001429911196
10028,Customer_0029,1,B2B_1,34,152,889104,889104,0.6920119370054083
10029,Customer_0211,1,B2B_1,3,735,8210298,8210298,0.9571112432873785
10030,Customer_0031,1,B2B_1,3,684,8567736,8567736,0.8865065875191617
10031,Customer_0032,1,B2B_1,7,62,1006257,1006257,0.723208310522411
10032,Customer_0033,1,B2B_0,1901,87,2445341,2445341,0.9733976944918915
10033,Customer_0034,1,B2B_1,9,294,2736121,2736121,0.7999604680400134
10034,Customer_0035,1,B2B_1,252,38,932641,932641,0.5310964433429777
10035,Customer_0036,1,B2B_1,73,46,553715,553715,0.504170406064239
10036,Customer_0037,1,B2B_1,493,222,827218,827218,0.5340047007778159
10037,Customer_0038,1,B2B_1,25,120,1068520,1068520,0.5579049939326951
10038,Customer_0039,1,B2B_1,30,141,12812779,12812779,0.9105312022932178
10039,Customer_0040,1,B2B_1,16,289,9840670,9840670,0.9973107632238297
10040,Customer_0041,1,B2B_1,27,98,1108958,1108958,0.5531353550194384
10041,Customer_0042,1,B2B_0,2015,12,154089,154089,0.6259958912618548
10042,Customer_0043,1,B2B_1,6,251,6704995,6704995,0.9544250855048244
10043,Customer_0044,1,B2B_1,4,109,1234289,1234289,0.5340493811231838
10044,Customer_0045,1,B2B_1,3,231,894190,894190,0.5248206733071297
10045,Customer_0046,1,B2B_1,17,25,412672,412672,0.6866088869089149
10048,Customer_0200,1,B2B_1,5,285,3509525,3509525,0.8801357498257708
10050,Customer_0165,1,B2B_0,2821,26,212598,212598,0.8988240178676783
10051,Customer_0052,1,B2B_1,21,128,960999,960999,0.6219730903139729
10052,Customer_0053,1,B2B_1,21,75,2281221,2281221,0.6937664587130409
10053,Customer_0238,1,B2B_1,14,214,4397663,4397663,0.867010905888913
10054,Customer_0242,1,B2B_1,637,407,9226107,9226107,0.9534051337268618
10055,Customer_0056,1,B2B_1,18,72,1658014,1658014,0.5793250547909625
10056,Customer_0057,1,B2B_1,9,160,1085928,1085928,0.5623634597947568
10057,Customer_0058,1,B2B_1,11,225,2366610,2366610,0.8153947412294722
10058,Customer_0059,1,B2B_1,3,486,13229630,13229630,0.9720341153036495
10059,Customer_0060,1,B2B_1,11,230,3730551,3730551,0.6363985391102782
10060,Customer_0061,1,B2B_1,31,246,3120275,3120275,0.6643382250394052
10061,Customer_0062,1,B2B_1,13,124,1500584,1500584,0.8362211373177705
10062,Customer_0063,1,B2B_2,5,1136,111989884,117855497,0.9999999995103102
10065,Customer_0066,1,B2B_1,30,98,1431754,1431754,0.6392700898524052
10066,Customer_0273,1,B2B_1,20,127,874758,874758,0.7675025870115834
10068,Customer_0069,1,B2B_1,4,508,5033477,5033477,0.9888536280805583
10069,Customer_0070,1,B2B_1,10,525,4491643,4491643,0.9905837931886218
10070,Customer_0071,1,B2B_1,24,57,1576642,1576642,0.5609895252277538
10071,Customer_0072,1,B2B_1,6,223,2887920,2887920,0.6211357763898282
10076,Customer_0309,1,B2B_1,23,90,1621777,1621777,0.5082835172455377
10077,Customer_0078,1,B2B_0,1435,41,3436079,3436079,0.9583804231396744
10078,Customer_0079,1,B2B_1,7,139,1833351,1833351,0.8669566285486917
10079,Customer_0080,1,B2B_1,34,77,899449,899449,0.549024709988402
10082,Customer_0083,1,B2B_1,13,133,239114,239114,0.6248530830382784
10084,Customer_0086,1,B2B_1,25,57,1985011,1985011,0.6192576277078347
10087,Customer_0255,1,B2B_1,369,30,775860,775860,0.8040691567098888
10088,Customer_0090,1,B2B_1,21,62,396197,396197,0.5866724711487468
10090,Customer_0092,1,B2B_1,4,62,278570,278570,0.5667791263397233
10091,Customer_0093,1,B2B_0,1252,54,1540906,1540906,0.7468639360956155
10093,Customer_0095,1,B2B_1,6,59,453890,453890,0.5756373107421049
10095,Customer_0097,1,B2B_1,10,92,1291874,1291874,0.6456519606302747
10096,Customer_0098,1,B2B_1,27,33,1126562,1126562,0.5242466699632435
10097,Customer_0099,1,B2B_0,1691,36,2150784,2150784,0.886687474108273
10099,Customer_0101,1,B2B_1,24,36,318878,318878,0.8557960021183654
10101,Customer_0103,1,B2B_1,25,102,3795245,3795245,0.9999999992992272
10103,Customer_0105,1,B2B_1,37,61,157555,157555,0.5976957738026953
10104,Customer_0107,1,B2B_0,3292,2,9166,9166,0.6197012388064679
10107,Customer_0111,1,B2B_0,2258,17,254687,254687,0.8589153019485742
10109,Customer_0113,1,B2B_1,361,49,11472150,11472150,0.9721161726824967
10110,Customer_0134,1,B2B_1,41,18,205068,205068,0.8621852371254088
10111,Customer_0115,1,B2B_1,391,19,81661,81661,0.5996041732675551
10112,Customer_0116,1,B2B_1,17,86,1174562,1174562,0.538432536136596
10113,Customer_0117,1,B2B_1,146,16,95137,95137,0.5519844471928453
10115,Customer_0119,1,B2B_0,1004,2,54254,54254,0.5163191587960685
10117,Customer_0114,1,B2B_0,1507,43,2746012,2746012,0.8729152371771652
10118,Customer_0121,1,B2B_1,18,13,167707,167707,0.6417185964912782
10120,Customer_0125,1,B2B_1,38,29,2566707,2566707,0.9834965678793408
10121,Customer_0126,1,B2B_1,237,15,113200,113200,0.5144895108610121
10128,Customer_0136,1,B2B_1,60,23,137914,137914,0.5034503635418681
10130,Customer_0138,1,B2B_1,11,16,397032,397032,0.7231706343379142
10136,Customer_0145,1,B2B_1,27,11,80226,80226,0.7359941953204125
10138,Customer_0147,1,B2B_1,24,199,426539,426539,0.5655366601257272
10145,Customer_0157,1,B2B_1,720,93,4039670,4039670,0.7196117468850088
10155,Customer_0106,1,B2B_1,18,17,217747,217747,0.8125572410743577
10156,Customer_0170,1,B2B_1,7,23,72811,72811,0.5167918110061186
10157,Customer_0122,1,B2B_1,18,11,406777,406777,0.9115324929671317
10158,Customer_0114,1,B2B_1,6,93,3580622,3580622,0.999217986141575
10163,Customer_0175,1,B2B_1,7,29,107132,107132,0.6325309290301124
10169,Customer_0181,1,B2B_1,5,442,15418644,15418644,0.9982036784321733
10170,Customer_0182,1,B2B_1,38,45,8682461,8682461,0.7381420194515527
10186,Customer_0198,1,B2B_0,1472,21,569597,569597,0.7804386758975816
10191,Customer_0205,1,B2B_1,28,156,4573458,4573458,0.7142359455982706
10192,Customer_0051,1,B2B_1,42,40,326015,326015,0.8141503388705524
10194,Customer_0111,1,B2B_1,18,77,676037,676037,0.9782135504173113
10200,Customer_0214,1,B2B_1,867,479,19611693,19611693,0.9966254899600923
10202,Customer_0217,1,B2B_1,60,11,53310,53310,0.5595331048237225
10207,Customer_0222,1,B2B_1,7,144,3012862,3012862,0.9922758020652415
10212,Customer_0228,1,B2B_1,23,28,5915839,5915839,0.8416046346486207
10215,Customer_0230,1,B2B_0,1512,1,68855,68855,0.8030023330994966
10218,Customer_0232,1,B2B_1,3,118,15197789,15197789,0.8933645818521632
10223,Customer_0241,1,B2B_1,2,76,942724,942724,0.5107387529425383
10224,Customer_0243,1,B2B_1,6,229,28330174,28330174,0.7902686073255157
10001,Customer_0002,0,B2C_3,1161,134,1342339,1342339,0.24332797950361854
10004,Customer_0005,0,B2C_0,3079,30,280643,280643,0.23676080683135758
10006,Customer_0007,0,B2C_1,1728,481,4435504,4435504,0.4069875819424453
10015,Customer_0016,0,B2C_0,3153,2,16593,16593,0.07756104706615131
10046,Customer_0047,0,B2C_2,300,32,368905,368905,0.480067417000326
10047,Customer_0048,0,B2C_3,1542,202,1763770,1763770,0.3122591294361515
10049,Customer_0050,0,B2C_3,7,263,731038,731038,0.4807863796295599
10063,Customer_0231,0,B2C_3,1378,79,551378,551378,0.35057195346954073
10064,Customer_0065,0,B2C_3,1466,88,690322,690322,0.30407307353334456
10067,Customer_0068,0,B2C_3,2260,66,1127817,1127817,0.17033293705178404
10072,Customer_0073,0,B2C_3,6,110,940083,940083,0.48092906708898375
10073,Customer_0074,0,B2C_2,170,13,92521,92521,0.46237103428133647
10074,Customer_0075,0,B2C_0,2656,14,173006,173006,0.12283976751780495
10075,Customer_0076,0,B2C_0,2978,7,23677,23677,0.06497218911324265
10080,Customer_0081,0,B2C_2,319,28,351310,351310,0.4180669059868691
10081,Customer_0153,0,B2C_2,45,55,594901,594901,0.42313857487130835
10083,Customer_0085,0,B2C_0,1750,21,242153,242153,0.19030763708511178
10085,Customer_0087,0,B2C_0,2823,8,64466,64466,0.10654513018133054
10086,Customer_0088,0,B2C_0,1760,48,119727,119727,0.21078486056338783
10089,Customer_0091,0,B2C_0,1628,27,68566,68566,0.01131934027822319
10092,Customer_0094,0,B2C_2,13,32,357272,357272,0.01608603633692659
10094,Customer_0096,0,B2C_0,2880,6,51575,51575,0.08163529693145317
10098,Customer_0100,0,B2C_0,2271,14,186908,186908,0.1156252130497658
10100,Customer_0102,0,B2C_2,62,18,54669,54669,0.4217363553961247
10102,Customer_0104,0,B2C_0,2466,22,194704,194704,0.12464223299100181
10105,Customer_0108,0,B2C_0,3359,1,19582,19582,0.007167015475245466
10106,Customer_0109,0,B2C_3,17,64,1111380,1111380,0.4819616249476918
10108,Customer_0112,0,B2C_0,1663,9,273867,273867,0.20226418983103925
10114,Customer_0118,0,B2C_3,1278,104,506237,506237,0.32126584574261097
10116,Customer_0120,0,B2C_0,3308,1,10199,10199,0.04790077165744351
10119,Customer_0124,0,B2C_2,13,10,154334,154334,0.40573601222028116
10122,Customer_0128,0,B2C_0,3292,1,6270,6270,0.05440984673253504
10123,Customer_0129,0,B2C_0,2783,16,57189,57189,0.11842598272495765
10124,Customer_0130,0,B2C_0,2257,12,273822,273822,0.1689202145503777
10125,Customer_0131,0,B2C_2,563,3,20503,20503,0.2868954713181829
10126,Customer_0133,0,B2C_0,2608,34,36942,36942,0.07587754170302088
10127,Customer_0135,0,B2C_2,13,12,359423,359423,0.2302514654502365
10129,Customer_0137,0,B2C_0,3212,1,11275,11275,0.05263463783889401
10131,Customer_0140,0,B2C_0,3191,1,5156,5156,0.060495186537592276
10132,Customer_0141,0,B2C_2,156,14,117648,117648,0.3932623963157717
10133,Customer_0142,0,B2C_2,755,21,68378,68378,0.34576533750217014
10134,Customer_0143,0,B2C_0,2796,6,13717,13717,0.05842152660959589
10135,Customer_0144,0,B2C_2,683,12,82389,82389,0.30490134682670383
10137,Customer_0146,0,B2C_0,2712,2,3793,3793,0.06298290419249945
10139,Customer_0149,0,B2C_0,2805,2,9647,9647,0.09246200021735258
10140,Customer_0150,0,B2C_0,2776,17,50232,50232,0.08339235664994252
10141,Customer_0162,0,B2C_3,2075,119,332880,332880,0.27903483410435276
10142,Customer_0152,0,B2C_2,32,9,74648,74648,0.4312292113567829
10143,Customer_0154,0,B2C_0,3030,1,12443,12443,0.061884734219367736
10144,Customer_0156,0,B2C_0,1360,7,35824,35824,0.21673169172089826
10146,Customer_0159,0,B2C_0,2624,5,9071,9071,0.07832938603608017
10147,Customer_0160,0,B2C_0,2846,2,8530,8530,0.0692918181242403
10148,Customer_0176,0,B2C_2,259,15,32934,32934,0.33666887956622227
10149,Customer_0163,0,B2C_0,2253,2,14416,14416,0.1268720533972332
10150,Customer_0164,0,B2C_0,2403,2,5014,5014,0.0792518143637567
10151,Customer_0239,0,B2C_2,759,3,50857,50857,0.4125681792455628
10152,Customer_0167,0,B2C_2,650,3,9177,9177,0.46190637400436324
10153,Customer_0168,0,B2C_0,1917,6,24138,24138,0.28221520482321644
10154,Customer_0169,0,B2C_2,1232,2,8529,8529,0.2367850973475474
10159,Customer_0172,0,B2C_0,1467,5,50611,50611,0.18195584571021833
10160,Customer_0173,0,B2C_0,2064,57,108148,108148,0.18606266245136222
10161,Customer_0155,0,B2C_0,2496,4,18243,18243,0.11697805728350419
10162,Customer_0174,0,B2C_0,1533,36,375449,375449,0.31802211743566866
10164,Customer_0177,0,B2C_0,2846,1,18094,18094,0.1592754274715516
10165,Customer_0178,0,B2C_0,2841,1,19602,19602,0.045815739865909096
10166,Customer_0179,0,B2C_0,2833,1,5654,5654,0.038926100505850825
10167,Customer_0158,0,B2C_0,2832,1,6250,6250,0.05476818783364238
10168,Customer_0180,0,B2C_2,480,3,58545,58545,0.3091352018014562
10171,Customer_0183,0,B2C_0,2746,1,6167,6167,0.06890233087257773
10172,Customer_0184,0,B2C_2,480,9,38628,38628,0.19899243058275382
10173,Customer_0185,0,B2C_2,93,6,60203,60203,0.43296233507515774
10174,Customer_0186,0,B2C_0,2607,1,2455,2455,0.054700096686777375
10175,Customer_0037,0,B2C_2,178,60,131034,131034,0.2969178436125643
10176,Customer_0187,0,B2C_0,1845,3,11922,11922,0.09139640676908754
10177,Customer_0132,0,B2C_2,35,14,54646,54646,0.41840900828951266
10178,Customer_0188,0,B2C_2,1301,4,68040,68040,0.29551169181024883
10179,Customer_0189,0,B2C_0,2530,1,5850,5850,0.048603899115275406
10180,Customer_0190,0,B2C_0,2516,1,27797,27797,0.044795649537157
10181,Customer_0192,0,B2C_0,2170,3,43149,43149,0.0636553675896379
10182,Customer_0193,0,B2C_0,2467,1,10980,10980,0.05217039616834846
10183,Customer_0196,0,B2C_0,2295,1,2670,2670,0.057453368604341463
10184,Customer_0197,0,B2C_0,2286,1,7812,7812,0.05517404650447273
10185,Customer_0194,0,B2C_0,2036,53,662776,662776,0.06674707170893798
10187,Customer_0201,0,B2C_0,2232,1,2172,2172,0.04855197546301651
10188,Customer_0202,0,B2C_0,2223,1,25431,25431,0.16340491159728426
10189,Customer_0203,0,B2C_0,1676,4,21789,21789,0.1458726860777804
10190,Customer_0204,0,B2C_0,2222,1,6528,6528,0.06035097114285301
10193,Customer_0206,0,B2C_2,3,40,635982,635982,0.3219059353666404
10195,Customer_0208,0,B2C_0,2033,11,88461,88461,0.048182277155569796
10196,Customer_0209,0,B2C_0,2076,1,6198,6198,0.06672517008623641
10197,Customer_0210,0,B2C_2,1173,2,20841,20841,0.11436489515681592
10198,Customer_0212,0,B2C_3,1385,109,604679,604679,0.09876944497540571
10199,Customer_0213,0,B2C_3,11,72,815061,815061,0.22941213826002219
10201,Customer_0215,0,B2C_0,1930,2,27489,27489,0.13729634480107197
10203,Customer_0218,0,B2C_0,1847,1,2398,2398,0.059498982293200484
10204,Customer_0219,0,B2C_0,1833,1,6141,6141,0.06588108522952768
10205,Customer_0220,0,B2C_3,3,78,727825,727825,0.20954238098257377
10206,Customer_0221,0,B2C_0,1778,1,8570,8570,0.05644257951949362
10208,Customer_0224,0,B2C_0,1736,1,2070,2070,0.05994152463951141
10209,Customer_0225,0,B2C_2,10,20,132319,132319,0.22882330880063032
10210,Customer_0226,0,B2C_0,1388,2,13145,13145,0.08487468233103275
10211,Customer_0227,0,B2C_0,1431,17,118050,118050,0.0957191595051326
10213,Customer_0168,0,B2C_2,32,8,28611,28611,0.23819045089021876
10214,Customer_0229,0,B2C_0,1514,2,7141,7141,0.05890523179951117
10216,Customer_0174,0,B2C_2,788,6,63641,63641,0.12720843598996834
10217,Customer_0227,0,B2C_3,13,60,999655,999655,0.2851801353658771
10219,Customer_0233,0,B2C_2,51,6,57497,57497,0.22715632367921007
10220,Customer_0234,0,B2C_2,21,46,352735,352735,0.19701296217967001
10221,Customer_0236,0,B2C_2,255,3,14415,14415,0.11681363543314922
10222,Customer_0240,0,B2C_2,369,2,15194,15194,0.09021089470487952
10225,Customer_0245,0,B2C_2,650,2,10629,10629,0.07821609278563095
10226,Customer_0246,0,B2C_2,954,1,1609,1609,0.06157576918620381
10227,Customer_0247,0,B2C_2,93,10,70280,70280,0.09598415959891236
10228,Customer_0248,0,B2C_2,437,4,44580,44580,0.1321693988693202
10229,Customer_0251,0,B2C_3,10,36,1413458,1413458,0.1756989229662369
10230,Customer_0253,0,B2C_1,3,299,4414497,4414497,0.45138242876066237
10231,Customer_0254,0,B2C_2,13,37,766619,766619,0.13483106189011757
10232,Customer_0261,0,B2C_2,27,17,716790,716790,0.14836059761573903
10233,Customer_0262,0,B2C_2,7,11,31903,31903,0.0946112988172136
10234,Customer_0263,0,B2C_2,774,1,4604,4604,0.06100419874737125
10235,Customer_0123,0,B2C_2,46,4,10205,10205,0.08724031768384348
10236,Customer_0265,0,B2C_2,4,6,37631,37631,0.16779189040239562
10237,Customer_0267,0,B2C_2,744,1,13724,13724,0.10176878009956752
10238,Customer_0269,0,B2C_2,629,2,10635,10635,0.058128712198417365
10239,Customer_0270,0,B2C_2,714,1,12205,12205,0.06365200503817506
10240,Customer_0271,0,B2C_2,700,1,10132,10132,0.061327438244681044
10241,Customer_0283,0,B2C_2,557,2,9679,9679,0.08165286698783143
10242,Customer_0274,0,B2C_2,396,17,124811,124811,0.06375973472781706
10243,Customer_0275,0,B2C_2,371,4,5137,5137,0.08066069664467351
10244,Customer_0281,0,B2C_2,613,2,16481,16481,0.021060788644987574
10245,Customer_0282,0,B2C_2,27,6,16315,16315,0.09890986546805106
10246,Customer_0267,0,B2C_2,581,1,7434,7434,0.07890133124801188
10247,Customer_0167,0,B2C_2,121,4,12507,12507,0.24935499256222168
10248,Customer_0285,0,B2C_2,467,4,334567,334567,0.0847530435769569
10249,Customer_0286,0,B2C_2,482,2,55342,55342,0.06415594335461128
10250,Customer_0287,0,B2C_2,475,2,51278,51278,0.07361067657503109
10251,Customer_0288,0,B2C_2,16,12,88429,88429,0.16761769962432485
10252,Customer_0289,0,B2C_2,517,1,3599,3599,0.06352986832316582
10253,Customer_0290,0,B2C_2,11,26,362666,362666,0.12822329006178268
10254,Customer_0296,0,B2C_2,13,16,89908,89908,0.08983255321720986
10255,Customer_0297,0,B2C_2,235,4,141501,141501,0.0632958852919706
10256,Customer_0298,0,B2C_2,378,2,3781,3781,0.05582552489747038
10257,Customer_0301,0,B2C_2,380,1,1833,1833,0.06486832877366802
10258,Customer_0304,0,B2C_2,5,33,99607,99607,0.08681420474828819
10259,Customer_0306,0,B2C_2,27,3,7258,7258,0.11713071322574406
10260,Customer_0307,0,B2C_2,13,10,165662,165662,0.11103871934808432
10261,Customer_0311,0,B2C_2,4,3,66512,66512,0.0768273203554575
10262,Customer_0313,0,B2C_2,109,1,6455,6455,0.08082448803580654
10263,Customer_0314,0,B2C_2,18,6,121017,121017,0.13866874132460344
10264,Customer_0315,0,B2C_2,3,13,35336,35336,0.06234262752161914
10265,Customer_0316,0,B2C_2,7,5,70552,70552,0.06875574390097663
10266,Customer_0317,0,B2C_2,76,1,19238,19238,0.11649750184128518
10267,Customer_0318,0,B2C_2,63,1,3747,3747,0.03593345158774303
10268,Customer_0319,0,B2C_2,58,2,6753,6753,0.059685326271328554
10269,Customer_0321,0,B2C_2,6,2,105026,105026,0.07406126795834944
10270,Customer_0319,0,B2C_2,9,6,83964,83964,0.0735229174973425
10271,Customer_0322,0,B2C_2,27,1,5391,5391,0.06816526522071602
10272,Customer_0324,0,B2C_2,3,3,5970,5970,0.058337706708291866
10273,Customer_0325,0,B2C_2,4,2,16351,16351,0.054080317067314095
10274,Customer_0326,0,B2C_2,18,1,2697,2697,0.06657961909404404
10275,Customer_0327,0,B2C_2,4,1,4716,4716,0.05698035104673876
