customer_code,ltv,total_orders,tenure_years,avg_monthly_profit,cluster_label,is_b2b,is_royal
10000,77018932,1129,9.431895961670088,675604.6666666666,B2B_2,1,1
10001,1342339,134,6.261464750171116,46287.55172413793,B2C_3,0,0
10002,5404725,349,9.152635181382614,48691.21621621621,B2B_1,1,1
10003,58034028,1447,9.423682409308693,509070.4210526316,B2B_2,1,1
10004,280643,30,1.0130047912388775,31182.555555555555,B2C_0,0,0
10005,730666,45,9.399041752224504,16992.232558139534,B2B_1,1,0
10006,4435504,481,4.7091033538672145,76474.20689655172,B2C_1,0,1
10007,2589368,263,9.431895961670088,22914.7610619469,B2B_1,1,1
10008,77143426,2348,7.24435318275154,876629.8409090909,B2B_2,1,1
10009,2534393,40,9.390828199863108,120685.38095238095,B2B_1,1,1
10010,12031209,339,9.423682409308693,106470.87610619469,B2B_1,1,1
10011,15246750,1340,9.418206707734429,133743.42105263157,B2B_2,1,1
10012,518649,69,9.418206707734429,8365.306451612903,B2B_1,1,0
10013,78380756,384,9.415468856947296,699828.1785714285,B2B_2,1,1
10014,3910005,784,9.42094455852156,34298.28947368421,B2B_1,1,1
10015,16593,2,0.8021902806297057,8296.5,B2C_0,0,0
10016,215332,17,9.316906228610542,15380.857142857143,B2B_1,1,0
10017,3827263,114,9.42094455852156,39867.322916666664,B2B_1,1,1
10018,10548032,809,9.42094455852156,92526.59649122808,B2B_1,1,1
10019,666965,40,8.383299110198495,19056.14285714286,B2B_1,1,0
10020,63662,9,9.270362765229295,7073.555555555556,B2B_1,1,0
10021,54230327,1036,6.650239561943874,669510.2098765433,B2B_2,1,1
10022,367754,135,9.379876796714578,3830.7708333333335,B2B_1,1,0
10023,52096307,987,5.28952772073922,826925.5079365079,B2B_2,1,1
10024,2751647,277,9.415468856947296,42994.484375,B2B_1,1,1
10025,39462615,490,9.39356605065024,346163.2894736842,B2B_1,1,1
10026,225427462,429,9.385352498288844,1977433.8771929825,B2B_2,1,1
10027,4473478,155,9.390828199863108,47089.242105263154,B2B_1,1,1
10028,889104,152,9.32785763175907,9358.98947368421,B2B_1,1,0
10029,8210298,735,9.412731006160165,73306.23214285714,B2B_1,1,1
10030,8567736,684,9.412731006160165,75820.67256637168,B2B_1,1,1
10031,1006257,62,9.399041752224504,19730.529411764706,B2B_1,1,0
10032,2445341,87,4.213552361396304,74101.24242424243,B2B_0,1,1
10033,2736121,294,9.39356605065024,24213.46017699115,B2B_1,1,1
10034,932641,38,8.728268309377139,29145.03125,B2B_1,1,0
10035,553715,46,9.218343600273785,12584.431818181818,B2B_1,1,0
10036,827218,222,8.06570841889117,9294.58426966292,B2B_1,1,0
10037,1068520,120,9.347022587268993,10579.405940594059,B2B_1,1,0
10038,12812779,141,9.32785763175907,136306.1595744681,B2B_1,1,1
10039,9840670,289,9.366187542778919,91968.8785046729,B2B_1,1,1
10040,1108958,98,9.336071184120465,12186.351648351649,B2B_1,1,0
10041,154089,12,3.893223819301848,17121.0,B2B_0,1,0
10042,6704995,251,9.390828199863108,89399.93333333333,B2B_1,1,1
10043,1234289,109,9.396303901437372,17888.246376811596,B2B_1,1,0
10044,894190,231,9.396303901437372,8055.7657657657655,B2B_1,1,0
10045,412672,25,9.357973990417522,19651.04761904762,B2B_1,1,0
10046,368905,32,8.583162217659138,11528.28125,B2C_2,0,0
10047,1763770,202,5.1827515400410675,27996.349206349205,B2C_3,0,0
10048,3509525,285,9.388090349075975,31617.34234234234,B2B_1,1,1
10049,731038,263,9.382614647501711,6832.130841121495,B2C_3,0,0
10050,212598,26,1.675564681724846,16353.692307692309,B2B_0,1,0
10051,960999,128,9.34154688569473,9707.060606060606,B2B_1,1,0
10052,2281221,75,9.34154688569473,36209.857142857145,B2B_1,1,1
10053,4397663,214,9.360711841204655,38917.37168141593,B2B_1,1,1
10054,9226107,407,7.655030800821355,101385.79120879121,B2B_1,1,1
10055,1658014,72,9.349760438056126,23685.914285714287,B2B_1,1,0
10056,1085928,160,9.374401095140314,9695.785714285714,B2B_1,1,0
10057,2366610,225,9.36892539356605,22755.865384615383,B2B_1,1,1
10058,13229630,486,9.388090349075975,117076.37168141593,B2B_1,1,1
10059,3730551,230,9.366187542778919,33308.49107142857,B2B_1,1,1
10060,3120275,246,9.305954825462011,28110.585585585584,B2B_1,1,1
10061,1500584,124,9.35523613963039,18757.3,B2B_1,1,0
10062,111989884,1136,9.377138945927447,991060.9203539822,B2B_2,1,1
10063,551378,79,5.61533196440794,16217.0,B2C_3,0,0
10064,690322,88,5.374401095140315,10957.492063492064,B2C_3,0,0
10065,1431754,98,9.30321697467488,20750.057971014492,B2B_1,1,0
10066,874758,127,9.330595482546201,9207.978947368421,B2B_1,1,0
10067,1127817,66,3.1950718685831623,29679.394736842107,B2C_3,0,0
10068,5033477,508,9.371663244353183,44544.04424778761,B2B_1,1,1
10069,4491643,525,9.344284736481862,40103.955357142855,B2B_1,1,1
10070,1576642,57,9.305954825462011,28666.21818181818,B2B_1,1,0
10071,2887920,223,9.352498288843258,26740.0,B2B_1,1,1
10072,940083,110,9.347022587268993,9895.61052631579,B2C_3,0,0
10073,92521,13,8.895277207392198,7117.0,B2C_2,0,0
10074,173006,14,2.086242299794661,12357.57142857143,B2C_0,0,0
10075,23677,7,1.2046543463381245,3382.4285714285716,B2C_0,0,0
10076,1621777,90,9.286789869952088,18641.114942528737,B2B_1,1,0
10077,3436079,41,5.415468856947296,132156.88461538462,B2B_0,1,1
10078,1833351,139,9.322381930184806,19927.728260869564,B2B_1,1,0
10079,899449,77,9.245722108145106,12154.716216216217,B2B_1,1,0
10080,351310,28,8.459958932238193,13511.923076923076,B2C_2,0,0
10081,594901,55,9.207392197125257,10816.381818181819,B2C_2,0,0
10082,239114,133,9.295003422313483,2255.7924528301887,B2B_1,1,0
10083,242153,21,4.5338809034907595,12744.894736842105,B2C_0,0,0
10084,1985011,57,9.256673511293634,34824.754385964916,B2B_1,1,1
10085,64466,8,1.596167008898015,8058.25,B2C_0,0,0
10086,119727,48,4.503764544832307,3235.864864864865,B2C_0,0,0
10087,775860,30,8.31211498973306,28735.555555555555,B2B_1,1,0
10088,396197,62,9.262149212867898,6495.0327868852455,B2B_1,1,0
10089,68566,27,4.862422997946612,2856.9166666666665,B2C_0,0,0
10090,278570,62,9.30321697467488,5256.037735849057,B2B_1,1,0
10091,1540906,54,5.878165639972622,38522.65,B2B_0,1,0
10092,357272,32,9.270362765229295,11524.90322580645,B2C_2,0,0
10093,453890,59,9.286789869952088,8105.178571428572,B2B_1,1,0
10094,51575,6,1.4182067077344285,8595.833333333334,B2C_0,0,0
10095,1291874,92,9.273100616016427,16998.342105263157,B2B_1,1,0
10096,1126562,33,9.215605749486652,34138.242424242424,B2B_1,1,0
10097,2150784,36,4.654346338124572,65175.27272727273,B2B_0,1,1
10098,186908,14,3.058179329226557,13350.57142857143,B2C_0,0,0
10099,318878,36,9.19917864476386,9110.8,B2B_1,1,0
10100,54669,18,9.092402464065708,3215.823529411765,B2C_2,0,0
10101,3795245,102,9.182751540041068,55812.42647058824,B2B_1,1,1
10102,194704,22,2.4777549623545516,9735.2,B2C_0,0,0
10103,157555,61,9.125256673511293,2972.735849056604,B2B_1,1,0
10104,9166,2,0.1943874058863792,4583.0,B2B_0,1,0
10105,19582,1,0.0,19582.0,B2C_0,0,0
10106,1111380,64,9.130732375085557,17640.95238095238,B2C_3,0,0
10107,254687,17,2.9869952087611225,21223.916666666668,B2B_0,1,0
10108,273867,9,4.605065023956194,34233.375,B2C_0,0,0
10109,11472150,49,8.164271047227926,239003.125,B2B_1,1,1
10110,205068,18,9.040383299110198,11392.666666666666,B2B_1,1,0
10111,81661,19,8.043805612594113,4536.722222222223,B2B_1,1,0
10112,1174562,86,9.065023956194388,13982.880952380952,B2B_1,1,0
10113,95137,16,8.692676249144421,5946.0625,B2B_1,1,0
10114,506237,104,5.593429158110883,8035.507936507936,B2C_3,0,0
10115,54254,2,6.324435318275154,27127.0,B2B_0,1,0
10116,10199,1,0.0,10199.0,B2C_0,0,0
10117,2746012,43,4.9253935660506505,88581.03225806452,B2B_0,1,1
10118,167707,13,9.00205338809035,13975.583333333334,B2B_1,1,0
10119,154334,10,8.996577686516085,15433.4,B2C_2,0,0
10120,2566707,29,8.922655715263518,91668.10714285714,B2B_1,1,1
10121,113200,15,8.37782340862423,7546.666666666667,B2B_1,1,0
10122,6270,1,0.0,6270.0,B2C_0,0,0
10123,57189,16,1.3880903490759753,4765.75,B2C_0,0,0
10124,273822,12,2.8008213552361396,27382.2,B2C_0,0,0
10125,20503,3,7.394934976043806,10251.5,B2C_2,0,0
10126,36942,34,1.7604380561259412,1847.1,B2C_0,0,0
10127,359423,12,8.788501026694044,35942.3,B2C_2,0,0
10128,137914,23,8.659822039698836,5996.260869565217,B2B_1,1,0
10129,11275,1,0.0,11275.0,B2C_0,0,0
10130,397032,16,8.714579055441478,26468.8,B2B_1,1,0
10131,5156,1,0.0,5156.0,B2C_0,0,0
10132,117648,14,8.281998631074606,9049.846153846154,B2C_2,0,0
10133,68378,21,6.606433949349761,4022.235294117647,B2C_2,0,0
10134,13717,6,0.9774127310061602,2286.1666666666665,B2C_0,0,0
10135,82389,12,6.74880219028063,6865.75,B2C_2,0,0
10136,80226,11,8.544832306639288,7293.272727272727,B2B_1,1,0
10137,3793,2,1.1416837782340863,1896.5,B2C_0,0,0
10138,426539,199,8.479123887748118,5077.8452380952385,B2B_1,1,0
10139,9647,2,0.7693360711841205,4823.5,B2C_0,0,0
10140,50232,17,0.7474332648870636,5023.2,B2C_0,0,0
10141,332880,119,2.6666666666666665,10402.5,B2C_3,0,0
10142,74648,9,8.210814510609172,8294.222222222223,B2C_2,0,0
10143,12443,1,0.0,12443.0,B2C_0,0,0
10144,35824,7,4.566735112936345,5117.714285714285,B2C_0,0,0
10145,4039670,93,6.297056810403833,73448.54545454546,B2B_1,1,1
10146,9071,5,1.0349075975359343,1814.2,B2C_0,0,0
10147,8530,2,0.4188911704312115,4265.0,B2C_0,0,0
10148,32934,15,7.493497604380561,2195.6,B2C_2,0,0
10149,14416,2,1.9767282683093772,7208.0,B2C_0,0,0
10150,5014,2,1.5441478439425051,2507.0,B2C_0,0,0
10151,50857,3,6.015058179329227,16952.333333333332,B2C_2,0,0
10152,9177,3,6.308008213552362,4588.5,B2C_2,0,0
10153,24138,6,2.817248459958932,4827.6,B2C_0,0,0
10154,8529,2,4.673511293634497,4264.5,B2C_2,0,0
10155,217747,17,7.997262149212868,12808.64705882353,B2B_1,1,0
10156,72811,23,8.021902806297057,4045.0555555555557,B2B_1,1,0
10157,406777,11,7.991786447638604,36979.72727272727,B2B_1,1,0
10158,3580622,93,8.019164955509925,77839.60869565218,B2B_1,1,1
10159,50611,5,4.01368925393566,10122.2,B2C_0,0,0
10160,108148,57,2.3764544832306638,3604.9333333333334,B2C_0,0,0
10161,18243,4,1.1882272416153319,4560.75,B2C_0,0,0
10162,375449,36,3.668720054757016,12514.966666666667,B2C_0,0,0
10163,107132,29,7.808350444900753,3967.8518518518517,B2B_1,1,0
10164,18094,1,0.0,18094.0,B2C_0,0,0
10165,19602,1,0.0,19602.0,B2C_0,0,0
10166,5654,1,0.0,5654.0,B2C_0,0,0
10167,6250,1,0.0,6250.0,B2C_0,0,0
10168,58545,3,6.30527036276523,19515.0,B2C_2,0,0
10169,15418644,442,7.534565366187543,169435.64835164836,B2B_1,1,1
10170,8682461,45,7.438740588637919,263104.8787878788,B2B_1,1,1
10171,6167,1,0.0,6167.0,B2C_0,0,0
10172,38628,9,5.987679671457905,4292.0,B2C_2,0,0
10173,60203,6,6.965092402464066,15050.75,B2C_2,0,0
10174,2455,1,0.0,2455.0,B2C_0,0,0
10175,131034,60,6.6009582477754964,4094.8125,B2C_2,0,0
10176,11922,3,2.0369609856262834,3974.0,B2C_0,0,0
10177,54646,14,6.965092402464066,3903.285714285714,B2C_2,0,0
10178,68040,4,3.468856947296372,17010.0,B2C_2,0,0
10179,5850,1,0.0,5850.0,B2C_0,0,0
10180,27797,1,0.0,27797.0,B2C_0,0,0
10181,43149,3,0.8323066392881588,14383.0,B2C_0,0,0
10182,10980,1,0.0,10980.0,B2C_0,0,0
10183,2670,1,0.0,2670.0,B2C_0,0,0
10184,7812,1,0.0,7812.0,B2C_0,0,0
10185,662776,53,0.6707734428473648,73641.77777777778,B2C_0,0,0
10186,569597,21,2.195756331279945,27123.666666666668,B2B_0,1,0
10187,2172,1,0.0,2172.0,B2C_0,0,0
10188,25431,1,0.0,25431.0,B2C_0,0,0
10189,21789,4,1.4948665297741273,5447.25,B2C_0,0,0
10190,6528,1,0.0,6528.0,B2C_0,0,0
10191,4573458,156,5.979466119096509,67256.73529411765,B2B_1,1,1
10192,326015,40,5.932922655715264,12539.038461538461,B2B_1,1,0
10193,635982,40,6.036960985626283,21199.4,B2C_2,0,0
10194,676037,77,5.987679671457905,13520.74,B2B_1,1,0
10195,88461,11,0.23819301848049282,22115.25,B2C_0,0,0
10196,6198,1,0.0,6198.0,B2C_0,0,0
10197,20841,2,2.414784394250513,10420.5,B2C_2,0,0
10198,604679,109,1.7385352498288844,27485.409090909092,B2C_3,0,0
10199,815061,72,5.470225872689938,15674.25,B2C_3,0,0
10200,19611693,479,3.1293634496919918,516097.1842105263,B2B_1,1,1
10201,27489,2,0.0,27489.0,B2C_0,0,0
10202,53310,11,5.075975359342916,4846.363636363636,B2B_1,1,0
10203,2398,1,0.0,2398.0,B2C_0,0,0
10204,6141,1,0.0,6141.0,B2C_0,0,0
10205,727825,78,4.914442162902122,13233.181818181818,B2C_3,0,0
10206,8570,1,0.0,8570.0,B2C_0,0,0
10207,3012862,144,4.810403832991102,55793.74074074074,B2B_1,1,1
10208,2070,1,0.0,2070.0,B2C_0,0,0
10209,132319,20,4.558521560574949,6964.1578947368425,B2C_2,0,0
10210,13145,2,0.731006160164271,6572.5,B2C_0,0,0
10211,118050,17,0.5201916495550992,16864.285714285714,B2C_0,0,0
10212,5915839,28,4.284736481861739,236633.56,B2B_1,1,1
10213,28611,8,4.216290212183436,4087.285714285714,B2C_2,0,0
10214,7141,2,0.0,7141.0,B2C_0,0,0
10215,68855,1,0.0,68855.0,B2B_0,1,0
10216,63641,6,1.8863791923340179,10606.833333333334,B2C_2,0,0
10217,999655,60,3.8548939082819986,21269.255319148935,B2C_3,0,0
10218,15197789,118,3.4414784394250515,361852.11904761905,B2B_1,1,1
10219,57497,6,3.2060232717316905,11499.4,B2C_2,0,0
10220,352735,46,3.277207392197125,9533.378378378378,B2C_2,0,0
10221,14415,3,2.513347022587269,4805.0,B2C_2,0,0
10222,15194,2,2.0150581793292264,7597.0,B2C_2,0,0
10223,942724,76,2.8856947296372346,27727.176470588234,B2B_1,1,0
10224,28330174,229,2.759753593429158,833240.4117647059,B2B_1,1,1
10225,10629,2,0.865160848733744,5314.5,B2C_2,0,0
10226,1609,1,0.0,1609.0,B2C_2,0,0
10227,70280,10,2.3408624229979464,7028.0,B2C_2,0,0
10228,44580,4,1.8042436687200547,11145.0,B2C_2,0,0
10229,1413458,36,2.3572895277207393,54363.769230769234,B2C_3,0,0
10230,4414497,299,2.321697467488022,157660.60714285713,B2C_1,0,1
10231,766619,37,2.272416153319644,28393.296296296296,B2C_2,0,0
10232,716790,17,1.9548254620123204,47786.0,B2C_2,0,0
10233,31903,11,2.105407255304586,2900.2727272727275,B2C_2,0,0
10234,4604,1,0.0,4604.0,B2C_2,0,0
10235,10205,4,1.9739904175222451,2551.25,B2C_2,0,0
10236,37631,6,2.0670773442847366,6271.833333333333,B2C_2,0,0
10237,13724,1,0.0,13724.0,B2C_2,0,0
10238,10635,2,0.243668720054757,5317.5,B2C_2,0,0
10239,12205,1,0.0,12205.0,B2C_2,0,0
10240,10132,1,0.0,10132.0,B2C_2,0,0
10241,9679,2,0.36960985626283366,4839.5,B2C_2,0,0
10242,124811,17,0.7665982203969883,11346.454545454546,B2C_2,0,0
10243,5137,4,0.8240930869267625,1712.3333333333333,B2C_2,0,0
10244,16481,2,0.008213552361396304,16481.0,B2C_2,0,0
10245,16315,6,1.541409993155373,3263.0,B2C_2,0,0
10246,7434,1,0.0,7434.0,B2C_2,0,0
10247,12507,4,1.212867898699521,3126.75,B2C_2,0,0
10248,334567,4,0.16427104722792607,111522.33333333333,B2C_2,0,0
10249,55342,2,0.12320328542094455,27671.0,B2C_2,0,0
10250,51278,2,0.12867898699520877,25639.0,B2C_2,0,0
10251,88429,12,1.3826146475017111,14738.166666666666,B2C_2,0,0
10252,3599,1,0.0,3599.0,B2C_2,0,0
10253,362666,26,1.4455852156057496,22666.625,B2C_2,0,0
10254,89908,16,1.0924024640657084,8990.8,B2C_2,0,0
10255,141501,4,0.4407939767282683,35375.25,B2C_2,0,0
10256,3781,2,0.04380561259411362,3781.0,B2C_2,0,0
10257,1833,1,0.0,1833.0,B2C_2,0,0
10258,99607,33,0.944558521560575,8300.583333333334,B2C_2,0,0
10259,7258,3,0.731006160164271,2419.3333333333335,B2C_2,0,0
10260,165662,10,0.7501711156741958,27610.333333333332,B2C_2,0,0
10261,66512,3,0.487337440109514,22170.666666666668,B2C_2,0,0
10262,6455,1,0.0,6455.0,B2C_2,0,0
10263,121017,6,0.2080766598220397,40339.0,B2C_2,0,0
10264,35336,13,0.2272416153319644,11778.666666666666,B2C_2,0,0
10265,70552,5,0.2080766598220397,23517.333333333332,B2C_2,0,0
10266,19238,1,0.0,19238.0,B2C_2,0,0
10267,3747,1,0.0,3747.0,B2C_2,0,0
10268,6753,2,0.0,6753.0,B2C_2,0,0
10269,105026,2,0.10677618069815195,52513.0,B2C_2,0,0
10270,83964,6,0.06844626967830253,41982.0,B2C_2,0,0
10271,5391,1,0.0,5391.0,B2C_2,0,0
10272,5970,3,0.06023271731690623,5970.0,B2C_2,0,0
10273,16351,2,0.04380561259411362,16351.0,B2C_2,0,0
10274,2697,1,0.0,2697.0,B2C_2,0,0
10275,4716,1,0.0,4716.0,B2C_2,0,0
